{
    "1s": [
        {
            "coefficient": 1.0,
            "primitives": {
                "coefficients": [
                    -1.3707284848291863,
                    -2.1870831385851455,
                    -3.0988515131509,
                    -3.7337579136818206,
                    -3.448326112486767,
                    -1.9657539005584217,
                    -0.4344295044796411,
                    -0.009722674059197961
                ],
                "exponents": [
                    4409.69747699235,
                    863.8301121198206,
                    248.65553746646262,
                    86.84963963502682,
                    34.12216611637297,
                    14.458381764902347,
                    6.25521374741119,
                    1.8971517165915004
                ]
            }
        }
    ],
    "2s": [
        {
            "coefficient": 1.0,
            "primitives": {
                "coefficients": [
                    -2.520616623680244,
                    0.10788135749413301,
                    0.09510669114126083,
                    0.08640860636994906,
                    0.08243108994747582,
                    0.19825447135885862,
                    0.13805289952218627,
                    0.002282607275715014
                ],
                "exponents": [
                    25.853628028206444,
                    1.2368575025685706,
                    1.2368534887551865,
                    1.2368518817107466,
                    1.236851200004191,
                    1.2368211593046867,
                    0.4031041676493056,
                    0.12371953895742469
                ]
            }
        }
    ],
    "2p": [
        {
            "coefficient": 1.0,
            "primitives": {
                "coefficients": [
                    -1.9452869344375903,
                    -2.3477297756259197,
                    -2.525022520470922,
                    -2.347508618313572,
                    -1.716167190512493,
                    -0.8937955277244176,
                    -0.3025199188971496,
                    -0.04626818033463581
                ],
                "exponents": [
                    241.12768111540922,
                    62.691515495208584,
                    22.029924711761275,
                    8.871903005266974,
                    3.8066551326843863,
                    1.6296765406993268,
                    0.6594153912178663,
                    0.24217465057091947
                ]
            }
        }
    ]
}