{
    "1s": [
        {
            "coefficient": 1.0,
            "primitives": {
                "coefficients": [
                    -4.859103587993318,
                    -7.753004073059069,
                    -10.985137226564948,
                    -13.235820715676336,
                    -12.223991819826757,
                    -6.968412736024515,
                    -1.540011743616927,
                    -0.03446596530882309
                ],
                "exponents": [
                    4409.69747699235,
                    863.8301121198206,
                    248.65553746646262,
                    86.84963963502682,
                    34.12216611637297,
                    14.458381764902347,
                    6.25521374741119,
                    1.8971517165915004
                ]
            }
        }
    ],
    "2s": [
        {
            "coefficient": 1.0,
            "primitives": {
                "coefficients": [
                    -8.925770571217358,
                    0.3820193189467216,
                    0.3367828716749005,
                    0.3059820317739187,
                    0.29189722462922496,
                    0.7020400918738194,
                    0.4888599465107206,
                    0.008082954248503074
                ],
                "exponents": [
                    25.853628028206444,
                    1.2368575025685706,
                    1.2368534887551865,
                    1.2368518817107466,
                    1.236851200004191,
                    1.2368211593046867,
                    0.4031041676493056,
                    0.12371953895742469
                ]
            }
        }
    ],
    "2p": [
        {
            "coefficient": 1.0,
            "primitives": {
                "coefficients": [
                    -3.9813323308497055,
                    -4.80499421156107,
                    -5.167851394519824,
                    -4.804541578716903
                ],
                "exponents": [
                    241.12768111540922,
                    62.691515495208584,
                    22.029924711761275,
                    8.871903005266974
                ]
            }
        },
        {
            "coefficient": 1.0,
            "primitives": {
                "coefficients": [
                    -3.5124031317808155,
                    -1.8292915912309409
                ],
                "exponents": [
                    3.8066551326843863,
                    1.6296765406993268
                ]
            }
        },
        {
            "coefficient": 1.0,
            "primitives": {
                "coefficients": [
                    -0.6191540756836835
                ],
                "exponents": [
                    0.6594153912178663
                ]
            }
        },
        {
            "coefficient": 1.0,
            "primitives": {
                "coefficients": [
                    -0.09469502878716836
                ],
                "exponents": [
                    0.24217465057091947
                ]
            }
        }
    ]
}