{
    "1s": [
        {
            "coefficient": 1.0,
            "primitives": {
                "coefficients": [
                    -1.05786172652287,
                    -2.1749756833187734,
                    -3.665169827161829,
                    -4.8146419914797525,
                    -3.8150891965219937,
                    -0.9000567863296102
                ],
                "exponents": [
                    7998.593111540822,
                    1249.8359223465122,
                    275.83544739444534,
                    74.49393381541773,
                    22.85758779296253,
                    7.426749768136091
                ]
            }
        }
    ],
    "2s": [
        {
            "coefficient": 0.4802849533259721,
            "primitives": {
                "coefficients": [
                    -1.3643897296016327,
                    -2.56402704415481,
                    -2.5407650944287115,
                    0.8717663643172682
                ],
                "exponents": [
                    1121.2792609066062,
                    111.00907733351863,
                    19.460461415537058,
                    1.247917716628248
                ]
            }
        },
        {
            "coefficient": 9.711739624084741,
            "primitives": {
                "coefficients": [
                    0.303293343607673
                ],
                "exponents": [
                    0.32008872921330755
                ]
            }
        },
        {
            "coefficient": 7.535520140086,
            "primitives": {
                "coefficients": [
                    -0.2989066632134811
                ],
                "exponents": [
                    0.3139308569773433
                ]
            }
        }
    ],
    "2p": [
        {
            "coefficient": 0.20454490160232713,
            "primitives": {
                "coefficients": [
                    5.9240964327736325,
                    7.606671103930182,
                    7.3610799146062496,
                    4.551998749994772
                ],
                "exponents": [
                    208.68563202634527,
                    37.63954409331347,
                    10.030065840795299,
                    3.1515598838922068
                ]
            }
        },
        {
            "coefficient": 0.2245868417232368,
            "primitives": {
                "coefficients": [
                    1.4388744418416388
                ],
                "exponents": [
                    1.0075491673598729
                ]
            }
        },
        {
            "coefficient": 0.08426900214468633,
            "primitives": {
                "coefficients": [
                    0.3191424798884184
                ],
                "exponents": [
                    0.302019943511353
                ]
            }
        }
    ]
}