{
    "1s": [
        {
            "coefficient": 1.0,
            "primitives": {
                "coefficients": [
                    -1.3707284848291863,
                    -2.1870831385851455,
                    -3.0988515131509,
                    -3.7337579136818206,
                    -3.448326112486767,
                    -1.9657539005584217,
                    -0.4344295044796411,
                    -0.009722674059197961
                ],
                "exponents": [
                    4409.69747699235,
                    863.8301121198206,
                    248.65553746646262,
                    86.84963963502682,
                    34.12216611637297,
                    14.458381764902347,
                    6.25521374741119,
                    1.8971517165915004
                ]
            }
        }
    ],
    "2s": [
        {
            "coefficient": 0.6684277670778652,
            "primitives": {
                "coefficients": [
                    -3.770963367813858,
                    0.16139568522976377,
                    0.1422841716421123,
                    0.1292714196295249,
                    0.12332086428401383,
                    0.2965981982250057
                ],
                "exponents": [
                    25.853628028206444,
                    1.2368575025685706,
                    1.2368534887551865,
                    1.2368518817107466,
                    1.236851200004191,
                    1.2368211593046867
                ]
            }
        },
        {
            "coefficient": 0.3828886335896691,
            "primitives": {
                "coefficients": [
                    0.3605562751443117
                ],
                "exponents": [
                    0.4031041676493056
                ]
            }
        },
        {
            "coefficient": 0.015352969434433398,
            "primitives": {
                "coefficients": [
                    0.14867529603723553
                ],
                "exponents": [
                    0.12371953895742469
                ]
            }
        }
    ],
    "2p": [
        {
            "coefficient": 0.6295542325139654,
            "primitives": {
                "coefficients": [
                    -3.0899433821127364,
                    -3.729193855548958,
                    -4.010810173395044,
                    -3.728842563633304,
                    -2.726003737056002,
                    -1.4197276129099659
                ],
                "exponents": [
                    241.12768111540922,
                    62.691515495208584,
                    22.029924711761275,
                    8.871903005266974,
                    3.8066551326843863,
                    1.6296765406993268
                ]
            }
        },
        {
            "coefficient": 0.35716182861680984,
            "primitives": {
                "coefficients": [
                    -0.8470107795917794
                ],
                "exponents": [
                    0.6594153912178663
                ]
            }
        },
        {
            "coefficient": 0.19106514995560064,
            "primitives": {
                "coefficients": [
                    -0.24215918154298427
                ],
                "exponents": [
                    0.24217465057091947
                ]
            }
        }
    ]
}