{
    "1s": [
        {
            "coefficient": 1.0,
            "primitives": {
                "coefficients": [
                    -1.05786172652287,
                    -2.1749756833187734,
                    -3.665169827161829,
                    -4.8146419914797525,
                    -3.8150891965219937,
                    -0.9000567863296102
                ],
                "exponents": [
                    7998.593111540822,
                    1249.8359223465122,
                    275.83544739444534,
                    74.49393381541773,
                    22.85758779296253,
                    7.426749768136091
                ]
            }
        }
    ],
    "2s": [
        {
            "coefficient": 0.3174250220534176,
            "primitives": {
                "coefficients": [
                    -2.9788372340111366,
                    -5.597974729969504,
                    -5.547187509517449
                ],
                "exponents": [
                    1121.2792609066062,
                    111.00907733351863,
                    19.460461415537058
                ]
            }
        },
        {
            "coefficient": 0.7179596611509413,
            "primitives": {
                "coefficients": [
                    0.8414911542596847
                ],
                "exponents": [
                    1.247917716628248
                ]
            }
        },
        {
            "coefficient": 3.116366413643417,
            "primitives": {
                "coefficients": [
                    0.303293343607673
                ],
                "exponents": [
                    0.32008872921330755
                ]
            }
        },
        {
            "coefficient": 2.745090187969421,
            "primitives": {
                "coefficients": [
                    -0.2989066632134811
                ],
                "exponents": [
                    0.3139308569773433
                ]
            }
        }
    ],
    "2p": [
        {
            "coefficient": 0.14827632570905633,
            "primitives": {
                "coefficients": [
                    18.069437498241047,
                    23.20155818560672,
                    22.452465949184468
                ],
                "exponents": [
                    208.68563202634527,
                    37.63954409331347,
                    10.030065840795299
                ]
            }
        },
        {
            "coefficient": 0.34395325286302464,
            "primitives": {
                "coefficients": [
                    5.98545324301546
                ],
                "exponents": [
                    3.1515598838922068
                ]
            }
        },
        {
            "coefficient": 0.47390594185263896,
            "primitives": {
                "coefficients": [
                    1.4388744418416388
                ],
                "exponents": [
                    1.0075491673598729
                ]
            }
        },
        {
            "coefficient": 0.29029123676867397,
            "primitives": {
                "coefficients": [
                    0.3191424798884184
                ],
                "exponents": [
                    0.302019943511353
                ]
            }
        }
    ]
}