{
    "1s": [
        {
            "coefficient": 1.0,
            "primitives": {
                "coefficients": [
                    -1.565145837078264,
                    -3.2236688634591735,
                    -5.06767755890338,
                    -4.97157485330118,
                    -1.5385215642168175
                ],
                "exponents": [
                    4917.464401508277,
                    639.5663856621088,
                    128.2768175526814,
                    32.356355456120546,
                    9.19912353939672
                ]
            }
        }
    ],
    "2s": [
        {
            "coefficient": 0.3175179837964322,
            "primitives": {
                "coefficients": [
                    -2.9789387460278784,
                    -5.597631221888869,
                    -5.544100372008324
                ],
                "exponents": [
                    1120.6258122308013,
                    110.93703793713162,
                    19.448441289134422
                ]
            }
        },
        {
            "coefficient": 1.0320475811294632,
            "primitives": {
                "coefficients": [
                    0.5802068205981067,
                    0.1262865670521822
                ],
                "exponents": [
                    1.254999617721712,
                    0.37525302696178114
                ]
            }
        }
    ],
    "2p": [
        {
            "coefficient": 0.33895869962327,
            "primitives": {
                "coefficients": [
                    10.56860018785741,
                    11.773609092593366,
                    8.621957795319085
                ],
                "exponents": [
                    104.96875904945789,
                    18.566810994814183,
                    4.783861677077649
                ]
            }
        },
        {
            "coefficient": 0.8006790565657332,
            "primitives": {
                "coefficients": [
                    1.3429119902434916,
                    0.18892201559437513
                ],
                "exponents": [
                    1.3576917911330364,
                    0.36215600491247746
                ]
            }
        }
    ]
}