{"1s": {"coefficients": [-15.483277811798446, -25.97831353597731, -14.922665719401207], "exponents": [951.0210558630233, 92.50357528766394, 15.831572401484669]}, "2s": {"coefficients": [0.06175878380882525, 0.05988145375095316, 0.055437172131828104], "exponents": [0.0753924752279626, 0.07539098526496775, 0.07539004361217364]}, "2p": {"coefficients": [1.2366382382325505, 6.851429142784589, 11.713976558718354], "exponents": [0.6860214252381881, 3.707632691612277, 23.413462773071704]}}