{
    "1s": [
        {
            "coefficient": 1.0,
            "primitives": {
                "coefficients": [
                    -2.5136259133515337,
                    -4.968641867626691,
                    -6.195699681676007,
                    -2.554043050279525
                ],
                "exponents": [
                    2450.0591434534413,
                    270.6149723171589,
                    50.04130718387441,
                    11.722041313157565
                ]
            }
        }
    ],
    "2s": [
        {
            "coefficient": 0.3036204601836612,
            "primitives": {
                "coefficients": [
                    -2.9014934704381656,
                    -5.592617046162016,
                    -6.231342567933588
                ],
                "exponents": [
                    1284.080237474911,
                    128.66348906359778,
                    22.01711548243507
                ]
            }
        },
        {
            "coefficient": 1.023314501160238,
            "primitives": {
                "coefficients": [
                    0.6644539965945067
                ],
                "exponents": [
                    0.9107652132413294
                ]
            }
        }
    ],
    "2p": [
        {
            "coefficient": 0.6557524010365458,
            "primitives": {
                "coefficients": [
                    7.091108978951189,
                    6.3116987222517515,
                    2.819381336324957
                ],
                "exponents": [
                    51.40267213742036,
                    8.739339578995448,
                    2.063860409867727
                ]
            }
        },
        {
            "coefficient": 0.5086873955491301,
            "primitives": {
                "coefficients": [
                    0.5584198399029132
                ],
                "exponents": [
                    0.47251608992503447
                ]
            }
        }
    ]
}