{
    "1s": [
        {
            "coefficient": 1.0,
            "primitives": {
                "coefficients": [
                    -1.05786172652287,
                    -2.1749756833187734,
                    -3.665169827161829,
                    -4.8146419914797525,
                    -3.8150891965219937,
                    -0.9000567863296102
                ],
                "exponents": [
                    7998.593111540822,
                    1249.8359223465122,
                    275.83544739444534,
                    74.49393381541773,
                    22.85758779296253,
                    7.426749768136091
                ]
            }
        }
    ],
    "2s": [
        {
            "coefficient": 1.0,
            "primitives": {
                "coefficients": [
                    -0.9455574746995266,
                    -1.7769372521150444,
                    -1.760816117543019,
                    0.6041567039737977,
                    0.9451731895005645,
                    -0.8205257483060072
                ],
                "exponents": [
                    1121.2792609066062,
                    111.00907733351863,
                    19.460461415537058,
                    1.247917716628248,
                    0.32008872921330755,
                    0.3139308569773433
                ]
            }
        }
    ],
    "2p": [
        {
            "coefficient": 0.14827632570905633,
            "primitives": {
                "coefficients": [
                    18.069437498241047,
                    23.20155818560672,
                    22.452465949184468
                ],
                "exponents": [
                    208.68563202634527,
                    37.63954409331347,
                    10.030065840795299
                ]
            }
        },
        {
            "coefficient": 0.9358940272133097,
            "primitives": {
                "coefficients": [
                    2.199732077492448,
                    0.7285986743595649,
                    0.09899012334557304
                ],
                "exponents": [
                    3.1515598838922068,
                    1.0075491673598729,
                    0.302019943511353
                ]
            }
        }
    ]
}