{"1s": {"coefficients": [-17.06718664408136, -13.523921300085533, -7.709963897467495, -3.1905668562156713, -12.992479530799068, -3.749961796151526], "exponents": [74.49393381541773, 22.85758779296253, 1249.8359223465122, 7.426749768136091, 275.83544739444534, 7998.593111540822]}, "2s": {"coefficients": [2.1414305113197236, 3.3501617927352667, -6.241204201043992, -2.908349541085515, -3.3515238897619044, -6.298345484460295], "exponents": [1.247917716628248, 0.32008872921330755, 19.460461415537058, 0.3139308569773433, 1121.2792609066062, 111.00907733351863]}, "2p": {"coefficients": [1.395542500572962, 0.1896035899147576, 4.213320325778421, 5.483331011922015, 7.040718535728337, 6.813399855157124], "exponents": [1.0075491673598729, 0.302019943511353, 3.1515598838922068, 208.68563202634527, 37.63954409331347, 10.030065840795299]}}