{
    "1s": [
        {
            "coefficient": 1.0,
            "primitives": {
                "coefficients": [
                    -2.5136259133515337,
                    -4.968641867626691,
                    -6.195699681676007,
                    -2.554043050279525
                ],
                "exponents": [
                    2450.0591434534413,
                    270.6149723171589,
                    50.04130718387441,
                    11.722041313157565
                ]
            }
        }
    ],
    "2s": [
        {
            "coefficient": 1.0,
            "primitives": {
                "coefficients": [
                    -0.8809527827143239,
                    -1.698032961186699,
                    -1.8919630980380329,
                    0.6799454100690342
                ],
                "exponents": [
                    1284.080237474911,
                    128.66348906359778,
                    22.01711548243507,
                    0.9107652132413294
                ]
            }
        }
    ],
    "2p": [
        {
            "coefficient": 1.0,
            "primitives": {
                "coefficients": [
                    4.65001173895905,
                    4.138911591735884,
                    1.8488160807327154,
                    0.2840611339831752
                ],
                "exponents": [
                    51.40267213742036,
                    8.739339578995448,
                    2.063860409867727,
                    0.47251608992503447
                ]
            }
        }
    ]
}