{"1s": {"coefficients": [-17.62245100789146, -17.963100655372084, -5.453507528302102, -11.426750735584855, -5.547881033271062], "exponents": [32.356355456120546, 128.2768175526814, 9.19912353939672, 639.5663856621088, 4917.464401508277]}, "2s": {"coefficients": [-6.299837466708331, -6.239591330381329, 2.1224588729617575, -3.3526377818299484, 0.4619698274133985], "exponents": [110.93703793713162, 19.448441289134422, 1.254999617721712, 1120.6258122308013, 0.37525302696178114]}, "2p": {"coefficients": [2.200170892875519, 0.3095219364738512, 8.165951417402804, 7.330180151665619, 5.9800259993144245], "exponents": [1.3576917911330364, 0.36215600491247746, 18.566810994814183, 104.96875904945789, 4.783861677077649]}}