{"1s": {"coefficients": [-9.050463889087014, -21.954976925897803, -8.90724240414492, -17.606795545533068], "exponents": [11.722041313157565, 50.04130718387441, 2450.0591434534413, 270.6149723171589]}, "2s": {"coefficients": [-6.663231390175351, -5.980236369443276, 2.394673344673535, -3.10259340741455], "exponents": [22.01711548243507, 128.66348906359778, 0.9107652132413294, 1284.080237474911]}, "2p": {"coefficients": [0.5807056214583494, 3.7795311032859265, 8.461168884098415, 9.506009916938416], "exponents": [0.47251608992503447, 2.063860409867727, 8.739339578995448, 51.40267213742036]}}