{
    "1s": [
        {
            "coefficient": 1.0,
            "primitives": {
                "coefficients": [
                    -5.547881033271062,
                    -11.426750735584855,
                    -17.963100655372084,
                    -17.62245100789146,
                    -5.453507528302102
                ],
                "exponents": [
                    4917.464401508277,
                    639.5663856621088,
                    128.2768175526814,
                    32.356355456120546,
                    9.19912353939672
                ]
            }
        }
    ],
    "2s": [
        {
            "coefficient": 1.0,
            "primitives": {
                "coefficients": [
                    -3.3526377818299484,
                    -6.299837466708331,
                    -6.239591330381329
                ],
                "exponents": [
                    1120.6258122308013,
                    110.93703793713162,
                    19.448441289134422
                ]
            }
        },
        {
            "coefficient": 1.0,
            "primitives": {
                "coefficients": [
                    2.1224588729617575,
                    0.4619698274133985
                ],
                "exponents": [
                    1.254999617721712,
                    0.37525302696178114
                ]
            }
        }
    ],
    "2p": [
        {
            "coefficient": 1.0,
            "primitives": {
                "coefficients": [
                    7.330180151665619,
                    8.165951417402804,
                    5.9800259993144245
                ],
                "exponents": [
                    104.96875904945789,
                    18.566810994814183,
                    4.783861677077649
                ]
            }
        },
        {
            "coefficient": 1.0,
            "primitives": {
                "coefficients": [
                    2.200170892875519
                ],
                "exponents": [
                    1.3576917911330364
                ]
            }
        },
        {
            "coefficient": 1.0,
            "primitives": {
                "coefficients": [
                    0.3095219364738512
                ],
                "exponents": [
                    0.36215600491247746
                ]
            }
        }
    ]
}