{"1s": {"coefficients": [-9.753955950534476, -15.279539808189465, -4.742108250344413, -14.92605104291894, -4.620072582392191], "exponents": [510.5266956067529, 102.79011794251585, 3893.8378637390288, 25.960775317620456, 7.386343524430276]}, "2s": {"coefficients": [-1.711512241812991, -0.3864072323139438, 5.048665037110963, 5.139527985853074, 2.7488001772688624], "exponents": [0.980516015320924, 0.2686282656868782, 15.479875095052156, 88.55613710551128, 891.6665776905716]}, "2p": {"coefficients": [-1.238278368611495, -5.560932387163654, -3.7682178556425896, -0.1643091815148745, -5.2472599253227505], "exponents": [0.8768592236493142, 12.692961812254698, 3.2147570021318037, 0.20564878202754794, 72.56389069423375]}}