{
    "1s": [
        {
            "coefficient": 1.0,
            "primitives": {
                "coefficients": [
                    0.07240354337884072,
                    0.15347279281823453,
                    0.2213267690178991,
                    0.1095015574089096
                ],
                "exponents": [
                    65.43223585503847,
                    4.405343387283405,
                    0.6803379157417493,
                    0.14850759098683314
                ]
            }
        }
    ],
    "2s": [
        {
            "coefficient": 1.0,
            "primitives": {
                "coefficients": [
                    0.11166510432866314,
                    1015.3224503917066,
                    -2056.436705811179,
                    1041.8637926915712
                ],
                "exponents": [
                    68.45460174827167,
                    1.8084898795824553,
                    1.778703296081549,
                    1.7497127253919325
                ]
            }
        }
    ],
    "2p": [
        {
            "coefficient": 1.0,
            "primitives": {
                "coefficients": [
                    0.024677615109081133,
                    0.031652307197348045,
                    0.024819856239364387,
                    0.005945104868532543
                ],
                "exponents": [
                    1.3049934627747257,
                    0.23879682176913752,
                    0.06633802804796946,
                    0.022014655271346863
                ]
            }
        }
    ]
}