{"1s": {"coefficients": [0.02006777556285745, 0.09631650431933927, 0.12241990348154526, 0.028888151398258313, 0.14068365315553566, 0.05119501661167572, 0.020490848708136424, 0.08412738615235076], "exponents": [0.07524059221065103, 0.19480924664633328, 1.5447446404852205, 90.0045715998268, 0.5269444169568428, 19.019206702743045, 891.9027344209286, 5.038758376928794]}}