{
    "1s": [
        {
            "coefficient": 1.0,
            "primitives": {
                "coefficients": [
                    0.13577970135095804,
                    0.24735169397348056,
                    0.16239960264343253
                ],
                "exponents": [
                    16.044088158685444,
                    1.1933880709682991,
                    0.19072909000210866
                ]
            }
        }
    ]
}