{
    "1s": [
        {
            "coefficient": 1.0,
            "primitives": {
                "coefficients": [
                    0.020490870556423575,
                    0.02888818220013656,
                    0.0511950711981616,
                    0.08412747585284663,
                    0.1224200340112877,
                    0.14068380315892964,
                    0.09631660701643463,
                    0.02006779696004452
                ],
                "exponents": [
                    891.9027344209286,
                    90.0045715998268,
                    19.019206702743045,
                    5.038758376928794,
                    1.5447446404852205,
                    0.5269444169568428,
                    0.19480924664633328,
                    0.07524059221065103
                ]
            }
        }
    ]
}