{
    "1s": [
        {
            "coefficient": 1.0,
            "primitives": {
                "coefficients": [
                    0.07240354337884072,
                    0.15347279281823453,
                    0.2213267690178991,
                    0.1095015574089096
                ],
                "exponents": [
                    65.43223585503847,
                    4.405343387283405,
                    0.6803379157417493,
                    0.14850759098683314
                ]
            }
        }
    ]
}