{
    "1s": [
        {
            "coefficient": 0.3133426953287198,
            "primitives": {
                "coefficients": [
                    0.433326525159666,
                    0.78939671376092
                ],
                "exponents": [
                    16.044088158685444,
                    1.1933880709682991
                ]
            }
        },
        {
            "coefficient": 0.7895182394540512,
            "primitives": {
                "coefficients": [
                    0.2056945546384479
                ],
                "exponents": [
                    0.19072909000210866
                ]
            }
        }
    ]
}