{"1s": {"coefficients": [0.24675941668848708, 0.16201074096153928, 0.13545458033973104], "exponents": [1.1933880709682991, 0.19072909000210866, 16.044088158685444]}, "2s": {"coefficients": [25.08240588079011, 0.0657474368253404, -24.957942567809614], "exponents": [1.238010486531186, 9.655930875985241, 1.241638001795981]}, "2p": {"coefficients": [0.03428439662744905, 0.01068536400812736, 0.03544808832760014], "exponents": [0.1014454841330809, 0.0274549568168849, 0.5569305872290355]}, "3s": {"coefficients": [-10.799375042225643, 10.869674984724535, 0.034541292850122654], "exponents": [1.3591329433883388, 1.3540523466134657, 11.62442340561694]}, "3p": {"coefficients": [0.018123207465532983, 0.016015092855193362, 0.023776824328718027], "exponents": [0.12377506552862978, 0.12408771153411198, 1.9236040710266742]}, "3d": {"coefficients": [-1.1079952150525236, -1.1092290818379262, 2.2184892947530424], "exponents": [0.049194000696345774, 0.049135483190310913, 0.04911136585588915]}}