{
    "1s": [
        {
            "coefficient": 0.0724331388959487,
            "primitives": {
                "coefficients": [
                    0.9995914091594112,
                    2.1188201306407626
                ],
                "exponents": [
                    65.43223585503847,
                    4.405343387283405
                ]
            }
        },
        {
            "coefficient": 0.9705732948806781,
            "primitives": {
                "coefficients": [
                    0.22803715101713046,
                    0.11282152310029474
                ],
                "exponents": [
                    0.6803379157417493,
                    0.14850759098683314
                ]
            }
        }
    ]
}