{"1s": {"coefficients": [0.02006777556285745, 0.09631650431933927, 0.12241990348154526, 0.028888151398258313, 0.14068365315553566, 0.05119501661167572, 0.020490848708136424, 0.08412738615235076], "exponents": [0.07524059221065103, 0.19480924664633328, 1.5447446404852205, 90.0045715998268, 0.5269444169568428, 19.019206702743045, 891.9027344209286, 5.038758376928794]}, "2s": {"coefficients": [0.4288730278306118, 0.08161800393807395, -0.5654134753267366, -0.04063130476147821, -0.058494777638085985, 0.6517378770158477, 0.656435742118644, -0.959537628594627], "exponents": [10.177648999990195, 1.0517401407594098, 0.23151623504574007, 0.02008451119968364, 7.475692546683582, 17.421064602641106, 0.2312049676463257, 14.702845140513668]}, "2p": {"coefficients": [0.30268163507656426, 0.02738375848735462, -0.6974928434287421, -0.2729842074565901, 0.7222926541639559, 0.0033566847137074694, 0.29036805145003525, -0.28510793928332695], "exponents": [0.04842466540219896, 0.14012025827363628, 0.49106289581794593, 2.2257899828913454, 0.49107775506870077, 0.018433390671596352, 2.2451255823609286, 0.04842022432028933]}, "3s": {"coefficients": [691.5295432946957, 272.54920523948766, -670.4196367426434, -293.6089932920815, 0.006249916973739207, 0.0058869748732800625, 0.014038091838533074, 0.03228476608725211], "exponents": [0.17852801948378202, 0.19356743406334545, 0.18711434147929132, 0.17282312102015732, 50.399157991408266, 316.2325595113755, 11.260768411206746, 2.2672064081117327]}, "3p": {"coefficients": [-1.9715692447389337, 1.855020435218142, 1.9816928261420603, -11.932841952006957, 5.262854232920169, -9.365844272352197, 12.185520251182357, 2.0353185311592585], "exponents": [0.6218490529666001, 0.5511537194664812, 0.5507717075733138, 0.2814986622330092, 0.2501288004952108, 0.444706385128895, 0.3460141678299901, 0.551842717323206]}, "3d": {"coefficients": [0.3166200218398477, 0.19995131766672705, 0.10504504568564531, -0.31533098777197816, 7.55162206182857e-05, -0.19842501587870146, 0.000587374416479491, -0.10382333006340672], "exponents": [0.03747393801852697, 0.11048909252250373, 0.5687835161844207, 0.03747478083994666, 0.00644424037030744, 0.11049048933429048, 0.014941174285602007, 0.5705665914052378]}}