{"1s": {"coefficients": [0.10944100256954084, 0.1533879216936908, 0.22120437434824305, 0.07236350390321333], "exponents": [0.14850759098683314, 4.405343387283405, 0.6803379157417493, 65.43223585503847]}, "2s": {"coefficients": [0.025521982343204512, 232.06033619318168, -470.01560255703293, 238.1265793012196], "exponents": [68.45460174827167, 1.8084898795824553, 1.778703296081549, 1.7497127253919325]}, "2p": {"coefficients": [0.005944343731868286, 0.024816678616260485, 0.024674455696747574, 0.031648254832915626], "exponents": [0.022014655271346863, 0.06633802804796946, 1.3049934627747257, 0.23879682176913752]}, "3s": {"coefficients": [1.0736779768968006, 0.047612977127007176, -0.9820893692050627, -0.035520930758552616], "exponents": [0.3215869859904098, 6.285938609801301, 0.3216650524609873, 0.06165117098616655]}, "3p": {"coefficients": [-2.529932597661, 1.2230918152471422, -1.6394027239397067, 2.992252185149155], "exponents": [0.23854994068468524, 0.20875303886498492, 0.30636820019298705, 0.28814821124805634]}, "3d": {"coefficients": [0.0017093702204829335, 0.00012520404763434242, 0.0015818745638239327, 0.0008298290131460543], "exponents": [0.1998196671947457, 0.007271398599030939, 0.051810217630613845, 0.01826463851301681]}}