{"1s": {"coefficients": [0.24675941668848708, 0.16201074096153928, 0.13545458033973104], "exponents": [1.1933880709682991, 0.19072909000210866, 16.044088158685444]}}