{
    "1s": [
        {
            "coefficient": 0.0724331388959487,
            "primitives": {
                "coefficients": [
                    0.9995914091594112,
                    2.1188201306407626
                ],
                "exponents": [
                    65.43223585503847,
                    4.405343387283405
                ]
            }
        },
        {
            "coefficient": 0.9705732948806781,
            "primitives": {
                "coefficients": [
                    0.22803715101713046,
                    0.11282152310029474
                ],
                "exponents": [
                    0.6803379157417493,
                    0.14850759098683314
                ]
            }
        }
    ],
    "2s": [
        {
            "coefficient": 913.4975623843287,
            "primitives": {
                "coefficients": [
                    0.00012223908297818002,
                    1.111467060450171
                ],
                "exponents": [
                    68.45460174827167,
                    1.8084898795824553
                ]
            }
        },
        {
            "coefficient": 912.5927131589001,
            "primitives": {
                "coefficients": [
                    -2.2534003133697094,
                    1.141652544085307
                ],
                "exponents": [
                    1.778703296081549,
                    1.7497127253919325
                ]
            }
        }
    ],
    "2p": [
        {
            "coefficient": 0.13898999086313638,
            "primitives": {
                "coefficients": [
                    0.1775495843681378,
                    0.22773083875166317
                ],
                "exponents": [
                    1.3049934627747257,
                    0.23879682176913752
                ]
            }
        },
        {
            "coefficient": 0.9292537035324936,
            "primitives": {
                "coefficients": [
                    0.02670945097664225,
                    0.0063977198540427
                ],
                "exponents": [
                    0.06633802804796946,
                    0.022014655271346863
                ]
            }
        }
    ]
}