{"1s": {"coefficients": [0.10944100256954084, 0.1533879216936908, 0.22120437434824305, 0.07236350390321333], "exponents": [0.14850759098683314, 4.405343387283405, 0.6803379157417493, 65.43223585503847]}}