{"1s": {"coefficients": [-0.26316786153090266, -0.4787307477824426, -0.4394353431244226, -0.14661279371677546], "exponents": [20.29294966808612, 1.7911646743108294, 0.2790245504961884, 0.04330664757927773]}}