{"1s": {"coefficients": [-0.27444705073808884, -0.3289448117850344, -0.2677332353415278, -0.1389369187256698, -0.09707172631960681, -0.17622795191375915, -0.03724904335872633, -0.045645132059556615], "exponents": [2.543166520616848, 0.7418974683757983, 0.2305502796960411, 0.07008390085630446, 51.4358405935019, 10.111648450359006, 0.020750563755321944, 411.75915374403615]}}