{"1s": {"coefficients": [-0.5963600757325647, -0.44851084590860374, -0.24493078243370192], "exponents": [0.5630860518057031, 6.789937471668326, 0.06459448708829653]}}