{"1s": {"coefficients": [0.34606275542681214, 0.35670640274742, 0.17182341152670577, 0.21284386010607403, 0.03789330395093531, 0.10174664559553115, 0.2596125213955727, 0.10908019806045068], "exponents": [4.248115565393062, 1.614339207976512, 37.80782985181894, 0.6504084614955743, 0.26906265814858293, 1036.135423246242, 12.060248890323876, 138.90101437898556]}, "2s": {"coefficients": [0.03524210540667406, 0.02059115331644746, 0.06333472828205085, -0.11612952839565209, 0.024191434710119118, 0.19379686227670237, 0.11485612356917749, 0.22830670438225395], "exponents": [109.29834759924957, 9847.68588638421, 34.072290855199235, 0.08099429621745184, 384.0793919005078, 2.9978951673348453, 10.293379949011166, 0.8522159430325688]}, "2p": {"coefficients": [0.12027638630831608, 0.10931017708898612, 0.09516723018750275, 0.08306025524085844, 0.05675418969695846, 0.04027897455201044, 0.03635204291222619, 0.004810751836501363], "exponents": [0.5835287732188615, 1.4867882235803906, 0.2501504297011672, 4.305808948919199, 15.308326249875462, 0.11385709703419888, 82.57818298979433, 0.05286358666397717]}, "3s": {"coefficients": [3.9418989731998373, 3.941898239001763, -5.9579363597435515, -4.038273470050608, -3.713664295724165, 1.936696689999033, 1.9313289888519352, 2.258413210557488], "exponents": [0.6371710078476104, 0.6358287362537347, 0.8520894459823672, 0.5286629159346056, 22.67538962822327, 27.26753642993478, 18.809406115074918, 1.1109258002547133]}, "3p": {"coefficients": [3.1612524114227325, 3.1612454934520287, -2.508826097775475, -2.520164034906442, 6.387243065905178, -2.4706645544906993, -2.4330034722792977, -2.512661303279457], "exponents": [1.0074384376620293, 1.0048350915322612, 0.9009460541759037, 0.9009417319462738, 0.8048612217212537, 0.9009433912169623, 0.9009425853098272, 0.900943382044734]}, "3d": {"coefficients": [0.011540733151193852, 0.001719371121885628, 0.006019060975375648, 0.0001320447370824034, 0.01239701449983285, 0.0105446881599855, 0.007185170893390689, 0.00938101437325786], "exponents": [0.6917570564825479, 0.034792679382596434, 0.06714873885290013, 0.018112125693060158, 0.2909846795883318, 0.13517422556986208, 7.382243860506532, 1.9277580018557303]}}