{"1s": {"coefficients": [0.42673130307509294, 0.19603566937842004, 0.6392660289818191, 0.3304714217728589], "exponents": [20.736531456227517, 406.17363658659133, 2.948321253684775, 0.616905487368142]}, "2s": {"coefficients": [0.30319908175846744, 0.11724149863826533, 0.2446481467326879, -0.11133956780586537], "exponents": [1.0543256830277807, 106.37297730278821, 6.814686941399438, 0.0782171583731615]}, "2p": {"coefficients": [0.1939402345547388, 0.060442527501147564, 0.3323103852005688, -0.1317837789658779], "exponents": [0.4057690908608796, 0.10981723569396025, 2.2276349321468425, 2.227634903424904]}, "3s": {"coefficients": [34.81261277454657, 0.07414437931570435, 0.16027498275414143, -34.74101717222429], "exponents": [0.44913367025183293, 105.4258794450799, 5.316585050529577, 0.44686839050101373]}, "3p": {"coefficients": [1.246634461295936, 1.249704285825704, -4.048200243685518, 1.8169011026936204], "exponents": [0.7541699601826937, 0.7533361924732446, 0.8923762067879503, 1.1141748855137268]}, "3d": {"coefficients": [0.001416263453398094, 0.01789679985828949, 0.019339765538232138, 0.009387807400593234], "exponents": [0.029084120718736978, 0.20722765435042606, 0.7992271188672873, 0.07305416155688545]}}