{"1s": {"coefficients": [-0.4485137401786137, -0.5963586633621774, -0.24492836674115173], "exponents": [6.789817616085587, 0.5630787855022943, 0.06459390493546849]}}