{"1s+": {"coefficients": [5.2208859116007975, 10.250714581557508, 5.097654503340782, 12.546337547445523], "exponents": [1139.4386869174132, 127.37921116301897, 5.490216178323252, 23.598948604381782]}, "2p+": {"coefficients": [0.24866251142903023, 1.4282457475274835, 3.2893864506466874, 2.873087251931102], "exponents": [0.2348217494245197, 0.9581877877521335, 24.58271261646805, 4.0641396652916395]}, "2s+": {"coefficients": [1.354890910535609, -3.413578056766451, -3.609481543839556, -1.8115489063859678], "exponents": [0.4242573611492327, 58.02933015782151, 9.84657886049821, 576.8601768864512]}, "1s-": {"coefficients": [-5.178529273268268, -12.592096079368849, -10.18869086768252, -5.2892224686928495], "exponents": [1160.873028758128, 24.181872761931796, 130.23569108199766, 5.6658808674391725]}, "2s-": {"coefficients": [3.045265830259325, 1.5971998453996572, 3.3662850058361786, -1.219052376442926], "exponents": [61.21290725330297, 605.8221799416376, 10.30604331468456, 0.3731010064401195]}}