{
    "1s": [
        {
            "coefficient": 1.0,
            "primitives": {
                "coefficients": [
                    0.6278190408518844,
                    1.2861341411203404,
                    2.1484011862197256,
                    2.767970952295767,
                    2.139800887838757,
                    0.4874251625899294
                ],
                "exponents": [
                    3605.4676593151567,
                    572.1189723362153,
                    127.35753330120654,
                    34.53554696444931,
                    10.575887488711297,
                    3.412309119855719
                ]
            }
        }
    ],
    "2p": [
        {
            "coefficient": 0.41944597443382364,
            "primitives": {
                "coefficients": [
                    2.260634803552263,
                    2.8104743482818906,
                    2.6774016996163628,
                    1.787877112098494
                ],
                "exponents": [
                    100.03381010291322,
                    17.96724792176423,
                    4.7007515650736975,
                    1.4642891529529711
                ]
            }
        },
        {
            "coefficient": 0.7197344853795193,
            "primitives": {
                "coefficients": [
                    0.38854172851349444,
                    0.05489741781779505
                ],
                "exponents": [
                    0.4797043324416884,
                    0.15328790950029564
                ]
            }
        }
    ],
    "2s": [
        {
            "coefficient": 0.3257584891927094,
            "primitives": {
                "coefficients": [
                    -0.9219439226573819,
                    -1.884878161130199,
                    -2.779537629816217,
                    -2.306833754795533
                ],
                "exponents": [
                    1368.594006364974,
                    158.72184102530932,
                    30.023492142871408,
                    7.193421125433744
                ]
            }
        },
        {
            "coefficient": 1.0427208921123332,
            "primitives": {
                "coefficients": [
                    0.31484808134687137,
                    0.09458291515667326
                ],
                "exponents": [
                    0.6353778605604189,
                    0.20760843761751838
                ]
            }
        }
    ]
}