{
    "1s": {
        "coefficients": [
            4.559144318489334,
            7.615746094304892,
            1.727845945194209,
            7.585259382034932,
            9.812023985235284,
            2.2255202794367563
        ],
        "exponents": [
            572.1189723362153,
            127.35753330120654,
            3.412309119855719,
            10.575887488711297,
            34.53554696444931,
            3605.4676593151567
        ]
    },
    "2p": {
        "coefficients": [
            0.08086378784702286,
            0.5723211974834685,
            2.4126010252907095,
            2.298367209634335,
            1.534770867551068,
            1.940601182925657
        ],
        "exponents": [
            0.15328790950029564,
            0.4797043324416884,
            17.96724792176423,
            4.7007515650736975,
            1.4642891529529711,
            100.03381010291322
        ]
    },
    "2s": {
        "coefficients": [
            -2.663794221344891,
            -3.2096445012230106,
            1.1637448149873746,
            0.3495983733777422,
            -1.064605929436147,
            -2.176545034127455
        ],
        "exponents": [
            7.193421125433744,
            30.023492142871408,
            0.6353778605604189,
            0.20760843761751838,
            1368.594006364974,
            158.72184102530932
        ]
    }
}