{"1s+": {"coefficients": [4.559144318489334, 7.615746094304892, 1.727845945194209, 7.585259382034932, 9.812023985235284, 2.2255202794367563], "exponents": [572.1189723362153, 127.35753330120654, 3.412309119855719, 10.575887488711297, 34.53554696444931, 3605.4676593151567]}, "2p+": {"coefficients": [0.08086378784702286, 0.5723211974834685, 2.4126010252907095, 2.298367209634335, 1.534770867551068, 1.940601182925657], "exponents": [0.15328790950029564, 0.4797043324416884, 17.96724792176423, 4.7007515650736975, 1.4642891529529711, 100.03381010291322]}, "2s+": {"coefficients": [-2.663794221344891, -3.2096445012230106, 1.1637448149873746, 0.3495983733777422, -1.064605929436147, -2.176545034127455], "exponents": [7.193421125433744, 30.023492142871408, 0.6353778605604189, 0.20760843761751838, 1368.594006364974, 158.72184102530932]}, "1s-": {"coefficients": [-9.740197850178555, -7.823139051357419, -2.1781231262296057, -7.463673418476621, -1.9942886999589362, -4.456861982143636], "exponents": [36.487378292336565, 11.24492733224072, 3707.571713110502, 133.80147256250706, 3.705765336737694, 596.4569091490465]}, "2s-": {"coefficients": [2.906719382280976, 0.9562712816801056, -1.034515889293147, -0.34686037257151636, 1.9577938591165787, 2.453909346621725], "exponents": [30.59124485735133, 1388.1787989541876, 0.6084867805178907, 0.17413628676261983, 161.48287736780222, 7.343096202135806]}}