{"1s+": {"coefficients": [10.403108365782712, 6.706928857365033, 3.030550481396471, 3.2695810800066094, 9.989330038070499], "exponents": [60.0142565397991, 297.16062832716295, 4.275850758776471, 2250.918279424403, 15.129004499643246]}, "2p+": {"coefficients": [2.4022980715852573, 1.5294194963745884, 3.9942122810894927, -0.9213774902625494, -0.11196600319648177], "exponents": [1.6564071829206228, 0.32554854950158535, 10.715372226458863, 0.3254473112591352, 0.32574649798081984]}, "2s+": {"coefficients": [1.209221350355908, -3.4078226876945674, -3.562492271454925, 0.23810882468762415, -1.935060983876045], "exponents": [0.5609574350055748, 8.819315794622245, 51.10129533968284, 0.17702666240434842, 513.7547357583165]}, "1s-": {"coefficients": [-3.259993171930539, -10.321480422742097, -10.108324322519278, -6.617695893628854, -3.223913938646285], "exponents": [4.499236039171795, 62.15252694428504, 15.727056934693417, 306.5593311170615, 2304.7357071802576]}, "2s-": {"coefficients": [1.609490640009991, 0.7702054907965582, 3.0679963268789705, -1.2269262858023648, 2.6993402010657057], "exponents": [237.56162163431944, 1900.0813133411689, 9.671237721979963, 0.3757009542348119, 45.12782781027058]}}