{"1s": {"coefficients": [7.53975488432531, 1.8793168940101517, 7.8457304156821825, 2.152843243510374, 4.4529366367333365, 9.89719998634541], "exponents": [137.9661125858404, 3.5385264741942226, 11.050515551988767, 4297.31609595838, 641.0969002213354, 36.621906007952575]}, "2p": {"coefficients": [-1.3737179282223602, -0.5090192090109876, -2.095856141839256, -2.1951041634355386, -0.0941584248999957, -1.7477934565759596], "exponents": [1.4949635394352203, 0.4744089571234912, 4.80597294232864, 18.26035516417668, 0.12486716672391934, 101.26850212752306]}}