{
    "1s": [
        {
            "coefficient": 0.08444803072447392,
            "primitives": {
                "coefficients": [
                    7.191614891564678,
                    14.875121783464436,
                    25.186698413046873
                ],
                "exponents": [
                    4297.31609595838,
                    641.0969002213354,
                    137.9661125858404
                ]
            }
        },
        {
            "coefficient": 0.9608646426838597,
            "primitives": {
                "coefficients": [
                    2.9057194088407425,
                    2.303428361236737,
                    0.5517487351797985
                ],
                "exponents": [
                    36.621906007952575,
                    11.050515551988767,
                    3.5385264741942226
                ]
            }
        }
    ],
    "2p": [
        {
            "coefficient": 0.36734927318125016,
            "primitives": {
                "coefficients": [
                    -2.324661043309016,
                    -2.919608787608624,
                    -2.787603481968928,
                    -1.8271200983266207
                ],
                "exponents": [
                    101.26850212752306,
                    18.26035516417668,
                    4.80597294232864,
                    1.4949635394352203
                ]
            }
        },
        {
            "coefficient": 0.7839734537229093,
            "primitives": {
                "coefficients": [
                    -0.3172353154548923,
                    -0.0586822208221245
                ],
                "exponents": [
                    0.4744089571234912,
                    0.12486716672391934
                ]
            }
        }
    ]
}