{"1s": {"coefficients": [10.232968700600537, 12.678466460317042, 5.241503099870666, 5.18062227731903], "exponents": [133.16625695394842, 24.25430159620164, 5.584009392051357, 1240.1572274839614]}, "2p": {"coefficients": [-1.0693146480938793, -0.15783101207832606, -2.574072353005903, -3.152003108526701], "exponents": [0.7721188511827842, 0.15614059578204223, 3.4094641509738395, 20.778836924303924]}}