{
    "1s": [
        {
            "coefficient": 0.08444803072447392,
            "primitives": {
                "coefficients": [
                    7.191614891564678,
                    14.875121783464436,
                    25.186698413046873
                ],
                "exponents": [
                    4297.31609595838,
                    641.0969002213354,
                    137.9661125858404
                ]
            }
        },
        {
            "coefficient": 0.9608646426838597,
            "primitives": {
                "coefficients": [
                    2.9057194088407425,
                    2.303428361236737,
                    0.5517487351797985
                ],
                "exponents": [
                    36.621906007952575,
                    11.050515551988767,
                    3.5385264741942226
                ]
            }
        }
    ],
    "2p": [
        {
            "coefficient": 0.11428648255926811,
            "primitives": {
                "coefficients": [
                    -7.472122035162602,
                    -9.384453367399948,
                    -8.960150755254512
                ],
                "exponents": [
                    101.26850212752306,
                    18.26035516417668,
                    4.80597294232864
                ]
            }
        },
        {
            "coefficient": 0.9581343043959106,
            "primitives": {
                "coefficients": [
                    -0.7005189534032126,
                    -0.25957119451729965,
                    -0.048015505883652734
                ],
                "exponents": [
                    1.4949635394352203,
                    0.4744089571234912,
                    0.12486716672391934
                ]
            }
        }
    ]
}