{
    "1s": [
        {
            "coefficient": 1.0,
            "primitives": {
                "coefficients": [
                    1.4620308998132963,
                    2.88786088547698,
                    3.578008342430739,
                    1.4792121647293337
                ],
                "exponents": [
                    1240.1572274839614,
                    133.16625695394842,
                    24.25430159620164,
                    5.584009392051357
                ]
            }
        }
    ],
    "2p": [
        {
            "coefficient": 1.0,
            "primitives": {
                "coefficients": [
                    -1.5413182987553544,
                    -1.2587122167727525,
                    -0.522891056095631,
                    -0.07717880301872823
                ],
                "exponents": [
                    20.778836924303924,
                    3.4094641509738395,
                    0.7721188511827842,
                    0.15614059578204223
                ]
            }
        }
    ]
}