{
    "1s": [
        {
            "coefficient": 0.2089857280859131,
            "primitives": {
                "coefficients": [
                    4.334386185791701,
                    8.950980560907459,
                    14.070735942080795
                ],
                "exponents": [
                    2562.825509189141,
                    320.6331509823989,
                    63.09032372343417
                ]
            }
        },
        {
            "coefficient": 0.869158986948781,
            "primitives": {
                "coefficients": [
                    3.3055075122893185,
                    1.0335025647730762
                ],
                "exponents": [
                    15.663834252940175,
                    4.383184692089083
                ]
            }
        }
    ],
    "2p": [
        {
            "coefficient": 0.30242726805734094,
            "primitives": {
                "coefficients": [
                    -3.906311071584631,
                    -4.119639696528157,
                    -2.947487813224038
                ],
                "exponents": [
                    46.084834127877706,
                    8.038327058074412,
                    2.0223869483442125
                ]
            }
        },
        {
            "coefficient": 0.8381504112398824,
            "primitives": {
                "coefficients": [
                    -0.3970486751093189,
                    -0.0645558175073116
                ],
                "exponents": [
                    0.561679184523161,
                    0.13313272776221421
                ]
            }
        }
    ]
}