{
    "1s": [
        {
            "coefficient": 1.0,
            "primitives": {
                "coefficients": [
                    0.6073177153214381,
                    1.256174741400296,
                    2.126967081433041,
                    2.7920030415153163,
                    2.213282869267606,
                    0.5301558512798086
                ],
                "exponents": [
                    4297.31609595838,
                    641.0969002213354,
                    137.9661125858404,
                    36.621906007952575,
                    11.050515551988767,
                    3.5385264741942226
                ]
            }
        }
    ],
    "2p": [
        {
            "coefficient": 0.36734927318125016,
            "primitives": {
                "coefficients": [
                    -2.324661043309016,
                    -2.919608787608624,
                    -2.787603481968928,
                    -1.8271200983266207
                ],
                "exponents": [
                    101.26850212752306,
                    18.26035516417668,
                    4.80597294232864,
                    1.4949635394352203
                ]
            }
        },
        {
            "coefficient": 0.4431509628188194,
            "primitives": {
                "coefficients": [
                    -0.5612174783917377
                ],
                "exponents": [
                    0.4744089571234912
                ]
            }
        },
        {
            "coefficient": 0.4348179745407796,
            "primitives": {
                "coefficients": [
                    -0.10580359144223174
                ],
                "exponents": [
                    0.12486716672391934
                ]
            }
        }
    ]
}