{"1s": {"coefficients": [6.630627148175259, 10.423193648731116, 3.1840373145270617, 3.2107877476244475, 10.183679868167166], "exponents": [320.6331509823989, 63.09032372343417, 4.383184692089083, 2562.825509189141, 15.663834252940175]}, "2p": {"coefficients": [-0.6810488072311717, -1.8242547573322978, -2.4176882170594527, -2.5497212511511886, -0.11073116539447649], "exponents": [0.561679184523161, 2.0223869483442125, 46.084834127877706, 8.038327058074412, 0.13313272776221421]}}