{
    "1s": [
        {
            "coefficient": 1.0,
            "primitives": {
                "coefficients": [
                    0.9058248528432027,
                    1.8706271896041,
                    2.9405829955603813,
                    2.8730115607329694,
                    0.8982780422071339
                ],
                "exponents": [
                    2562.825509189141,
                    320.6331509823989,
                    63.09032372343417,
                    15.663834252940175,
                    4.383184692089083
                ]
            }
        }
    ],
    "2p": [
        {
            "coefficient": 0.06781031037603857,
            "primitives": {
                "coefficients": [
                    -17.421760481705952,
                    -18.37318501998527
                ],
                "exponents": [
                    46.084834127877706,
                    8.038327058074412
                ]
            }
        },
        {
            "coefficient": 0.6720535448589353,
            "primitives": {
                "coefficients": [
                    -1.3263834315058298,
                    -0.4951785655635197
                ],
                "exponents": [
                    2.0223869483442125,
                    0.561679184523161
                ]
            }
        },
        {
            "coefficient": 0.4720208925770993,
            "primitives": {
                "coefficients": [
                    -0.11462942815151379
                ],
                "exponents": [
                    0.13313272776221421
                ]
            }
        }
    ]
}