{"1s": {"coefficients": [15.03717548036298, 8.597202226079444, 9.022999074753546], "exponents": [44.91660638445732, 7.5475142987293315, 470.3270529317135]}, "2p": {"coefficients": [-0.3042573196855794, -1.9575702089906386, -3.772966725882057], "exponents": [0.22078506982863044, 1.3477489418758202, 9.00387024656157]}}