{
    "1s": [
        {
            "coefficient": 1.0,
            "primitives": {
                "coefficients": [
                    1.4620308998132963,
                    2.88786088547698,
                    3.578008342430739,
                    1.4792121647293337
                ],
                "exponents": [
                    1240.1572274839614,
                    133.16625695394842,
                    24.25430159620164,
                    5.584009392051357
                ]
            }
        }
    ],
    "2p": [
        {
            "coefficient": 0.20168720845126423,
            "primitives": {
                "coefficients": [
                    -7.642122227735624,
                    -6.240912482443864
                ],
                "exponents": [
                    20.778836924303924,
                    3.4094641509738395
                ]
            }
        },
        {
            "coefficient": 0.5068342214082293,
            "primitives": {
                "coefficients": [
                    -1.031680644299803
                ],
                "exponents": [
                    0.7721188511827842
                ]
            }
        },
        {
            "coefficient": 0.5516494133154972,
            "primitives": {
                "coefficients": [
                    -0.1399055290476461
                ],
                "exponents": [
                    0.15614059578204223
                ]
            }
        }
    ]
}