{
    "1s": [
        {
            "coefficient": 1.0,
            "primitives": {
                "coefficients": [
                    0.6073177153214381,
                    1.256174741400296,
                    2.126967081433041,
                    2.7920030415153163,
                    2.213282869267606,
                    0.5301558512798086
                ],
                "exponents": [
                    4297.31609595838,
                    641.0969002213354,
                    137.9661125858404,
                    36.621906007952575,
                    11.050515551988767,
                    3.5385264741942226
                ]
            }
        }
    ],
    "2p": [
        {
            "coefficient": 0.11428648255926811,
            "primitives": {
                "coefficients": [
                    -7.472122035162602,
                    -9.384453367399948,
                    -8.960150755254512
                ],
                "exponents": [
                    101.26850212752306,
                    18.26035516417668,
                    4.80597294232864
                ]
            }
        },
        {
            "coefficient": 0.6695534898655808,
            "primitives": {
                "coefficients": [
                    -1.0024460335049354,
                    -0.3714476433391128
                ],
                "exponents": [
                    1.4949635394352203,
                    0.4744089571234912
                ]
            }
        },
        {
            "coefficient": 0.4348179745407796,
            "primitives": {
                "coefficients": [
                    -0.10580359144223174
                ],
                "exponents": [
                    0.12486716672391934
                ]
            }
        }
    ]
}