{"2p": {"coefficients": [4.3842495057777455, 1.9850640385058214, 5.038851696125398, 0.3143759624945816], "exponents": [5.29870607607833, 1.2402072365450518, 31.57174644684698, 0.28554374136822164]}, "1s": {"coefficients": [12.572231222690478, 15.41572638170556, 6.401571578142409, 6.245079395386952], "exponents": [165.4812674974652, 30.933437423016116, 1456.5797492382521, 7.247336764385496]}}