{
    "2p": [
        {
            "coefficient": 0.1467662839922467,
            "primitives": {
                "coefficients": [
                    9.886582776574647,
                    12.426517481382977,
                    11.736627131420446
                ],
                "exponents": [
                    125.9772346332121,
                    22.63452192308613,
                    5.9738727470707484
                ]
            }
        },
        {
            "coefficient": 0.7547763397452876,
            "primitives": {
                "coefficients": [
                    1.4073612885920972,
                    0.4684354294415746
                ],
                "exponents": [
                    1.8584479997177596,
                    0.5910894192609124
                ]
            }
        },
        {
            "coefficient": 0.2859095257990978,
            "primitives": {
                "coefficients": [
                    0.16593968796570296
                ],
                "exponents": [
                    0.17898150061603618
                ]
            }
        }
    ],
    "1s": [
        {
            "coefficient": 1.0,
            "primitives": {
                "coefficients": [
                    0.7748207800360557,
                    1.5812202647953968,
                    2.634238101587101,
                    3.39426986539454,
                    2.618361619203387,
                    0.5984107591779476
                ],
                "exponents": [
                    4469.360792793702,
                    727.659705705743,
                    164.3402331132778,
                    45.01909708051329,
                    13.913237452363951,
                    4.524217053784949
                ]
            }
        }
    ]
}