{"2p": {"coefficients": [3.9250895699828594, 4.263165849432655, 3.0968557905906917, 0.1661454097330964, 1.1581512398209095], "exponents": [64.17337994622181, 11.274631753306174, 2.8700274024308614, 0.21825760974848488, 0.8108645896964989]}, "1s": {"coefficients": [8.229831622269929, 12.253446554974767, 12.76292026081405, 3.7102834714229713, 4.018701186391712], "exponents": [382.3581060606015, 19.863730958036594, 78.08028429862243, 5.652075179687073, 2833.7688003232574]}}