{
    "2p": [
        {
            "coefficient": 0.3317828124200651,
            "primitives": {
                "coefficients": [
                    5.781777791463254,
                    6.2797745605795035,
                    4.561763932811305
                ],
                "exponents": [
                    64.17337994622181,
                    11.274631753306174,
                    2.8700274024308614
                ]
            }
        },
        {
            "coefficient": 0.8064369493730377,
            "primitives": {
                "coefficients": [
                    0.7018762829121878,
                    0.10068937337097757
                ],
                "exponents": [
                    0.8108645896964989,
                    0.21825760974848488
                ]
            }
        }
    ],
    "1s": [
        {
            "coefficient": 1.0,
            "primitives": {
                "coefficients": [
                    1.1337390590674807,
                    2.3217654478296024,
                    3.6006213292112634,
                    3.456890752318963,
                    1.0467295518285615
                ],
                "exponents": [
                    2833.7688003232574,
                    382.3581060606015,
                    78.08028429862243,
                    19.863730958036594,
                    5.652075179687073
                ]
            }
        }
    ]
}