{"2p": {"coefficients": [2.969575769231788, 3.7324812872739814, 2.1739311437324904, 0.09709587948969158, 0.7235856045958752, 3.52526290727622], "exponents": [125.9772346332121, 22.63452192308613, 1.8584479997177596, 0.17898150061603618, 0.5910894192609124, 5.9738727470707484]}, "1s": {"coefficients": [9.337980077336727, 12.032179005027052, 9.281700321870437, 5.605189341709286, 2.1212766393064246, 2.746623778284895], "exponents": [164.3402331132778, 45.01909708051329, 13.913237452363951, 727.659705705743, 4.524217053784949, 4469.360792793702]}}