{"1s": {"coefficients": [-7.673973593378817, -15.000760139340839, -7.602342468269619, -18.626435673486025], "exponents": [9.414672875210735, 216.98481719809885, 1952.6657067478504, 40.19857309074362]}, "2s": {"coefficients": [51.61483948051304, 52.051979679862406, -97.64200960813844, 4.626509792042701], "exponents": [85.57485169142201, 85.67090987346542, 90.02689033356465, 456.3465087811516]}, "2p": {"coefficients": [-4.163517566839132, -1.5896722266658005, 0.9660336996659705, -8.061579446890867], "exponents": [2.4076382439898505, 0.4010017072755247, 0.40084787269705924, 15.551429485735362]}}